clientOrderId,instrument,side,quantity,price
aa13,Rose,1,100,55.00
aa14,Rose,1,100,65.00
aa15,Rose,2,300,1.00
aa16,Rose,1,100,2.00
aa17,Lavender,1,100,55.00
aa18,Lavender,1,100,65.00
aa19,Lavender,2,300,1.00
aa20,Lavender,1,100,2.00
aa21,Lotus,1,100,55.00
aa22,Lotus,1,100,65.00
aa23,Lotus,2,300,1.00
aa24,Lotus,1,100,2.00
aa25,Tulip,1,100,55.00
aa26,Tulip,1,100,65.00
aa27,Tulip,2,300,1.00
aa28,Tulip,1,100,2.00
aa29,Orchid,1,100,55.00
aa30,Orchid,1,100,65.00
aa31,Orchid,2,300,1.00
aa32,Orchid,1,100,2.00